,Page Title,Page,Unique Page Views,sharedcount_metrics,Twitter,LinkedIn,Facebook shares,Facebook likes,Facebook comments
0,Tax your vehicle - GOV.UK,https://www.gov.uk/vehicle-tax,2104496,"{u'StumbleUpon': 0, u'Reddit': 0, u'Delicious': 0, u'Pinterest': 1, u'Twitter': 326, u'Diggs': 0, u'LinkedIn': 2, u'Facebook': {u'commentsbox_count': 0, u'click_count': 0, u'total_count': 519, u'comment_count': 177, u'like_count': 101, u'share_count': 241}, u'GooglePlusOne': 124, u'Buzz': 0}",326,2,241,101,177
1,Welcome to GOV.UK,https://www.gov.uk/,1865040,"{u'StumbleUpon': 0, u'Reddit': 0, u'Delicious': 0, u'Pinterest': 103, u'Twitter': 21617, u'Diggs': 0, u'LinkedIn': 0, u'Facebook': {u'commentsbox_count': 0, u'click_count': 0, u'total_count': 63983, u'comment_count': 17928, u'like_count': 12686, u'share_count': 33369}, u'GooglePlusOne': 1109, u'Buzz': 0}",21617,0,33369,12686,17928
2,Find a job with Universal Jobmatch - GOV.UK,https://www.gov.uk/jobsearch,1809322,"{u'StumbleUpon': 0, u'Reddit': 0, u'Delicious': 0, u'Pinterest': 6, u'Twitter': 24505, u'Diggs': 0, u'LinkedIn': 133, u'Facebook': {u'commentsbox_count': 0, u'click_count': 0, u'total_count': 6857, u'comment_count': 1034, u'like_count': 701, u'share_count': 5122}, u'GooglePlusOne': 1310, u'Buzz': 0}",24505,133,5122,701,1034
3,State Pension calculator - GOV.UK,https://www.gov.uk/calculate-state-pension,339888,"{u'StumbleUpon': 0, u'Reddit': 0, u'Delicious': 0, u'Pinterest': 0, u'Twitter': 683, u'Diggs': 0, u'LinkedIn': 124, u'Facebook': {u'commentsbox_count': 0, u'click_count': 0, u'total_count': 2802, u'comment_count': 1049, u'like_count': 574, u'share_count': 1179}, u'GooglePlusOne': 26, u'Buzz': 0}",683,124,1179,574,1049
4,HM Revenue & Customs - GOV.UK,https://www.gov.uk/government/organisations/hm-revenue-customs,1205528,"{u'StumbleUpon': 0, u'Reddit': 0, u'Delicious': 0, u'Pinterest': 3, u'Twitter': 501, u'Diggs': 0, u'LinkedIn': 90, u'Facebook': {u'commentsbox_count': 0, u'click_count': 0, u'total_count': 1005, u'comment_count': 366, u'like_count': 240, u'share_count': 399}, u'GooglePlusOne': 280, u'Buzz': 0}",501,90,399,240,366
5,Companies House - GOV.UK,https://www.gov.uk/government/organisations/companies-house,996364,"{u'StumbleUpon': 0, u'Reddit': 0, u'Delicious': 0, u'Pinterest': 3, u'Twitter': 126, u'Diggs': 0, u'LinkedIn': 29, u'Facebook': {u'commentsbox_count': 0, u'click_count': 0, u'total_count': 265, u'comment_count': 118, u'like_count': 40, u'share_count': 107}, u'GooglePlusOne': 61, u'Buzz': 0}",126,29,107,40,118
6,Get information about a company - GOV.UK,https://www.gov.uk/get-information-about-a-company,869990,"{u'StumbleUpon': 0, u'Reddit': 0, u'Delicious': 0, u'Pinterest': 1, u'Twitter': 27, u'Diggs': 0, u'LinkedIn': 3, u'Facebook': {u'commentsbox_count': 0, u'click_count': 0, u'total_count': 69, u'comment_count': 8, u'like_count': 12, u'share_count': 49}, u'GooglePlusOne': 5, u'Buzz': 0}",27,3,49,12,8
7,Thank you - GOV.UK,https://www.gov.uk/done/vehicle-tax,917175,"{u'StumbleUpon': 0, u'Reddit': 0, u'Delicious': 0, u'Pinterest': 0, u'Twitter': 0, u'Diggs': 0, u'LinkedIn': 0, u'Facebook': {u'commentsbox_count': 0, u'click_count': 0, u'total_count': 0, u'comment_count': 0, u'like_count': 0, u'share_count': 0}, u'GooglePlusOne': 0, u'Buzz': 0}",0,0,0,0,0
8,Check if a vehicle is taxed - GOV.UK,https://www.gov.uk/check-vehicle-tax,777623,"{u'StumbleUpon': 0, u'Reddit': 0, u'Delicious': 0, u'Pinterest': 1, u'Twitter': 636, u'Diggs': 0, u'LinkedIn': 30, u'Facebook': {u'commentsbox_count': 0, u'click_count': 0, u'total_count': 2321, u'comment_count': 309, u'like_count': 467, u'share_count': 1545}, u'GooglePlusOne': 23, u'Buzz': 0}",636,30,1545,467,309
9,Student finance login - GOV.UK,https://www.gov.uk/student-finance-register-login,730979,"{u'StumbleUpon': 0, u'Reddit': 0, u'Delicious': 0, u'Pinterest': 0, u'Twitter': 394, u'Diggs': 0, u'LinkedIn': 0, u'Facebook': {u'commentsbox_count': 0, u'click_count': 0, u'total_count': 2516, u'comment_count': 1541, u'like_count': 175, u'share_count': 800}, u'GooglePlusOne': 15, u'Buzz': 0}",394,0,800,175,1541
10,Check if you need a UK visa - GOV.UK,https://www.gov.uk/check-uk-visa,206648,"{u'StumbleUpon': 0, u'Reddit': 0, u'Delicious': 0, u'Pinterest': 1, u'Twitter': 507, u'Diggs': 0, u'LinkedIn': 66, u'Facebook': {u'commentsbox_count': 0, u'click_count': 0, u'total_count': 1305, u'comment_count': 125, u'like_count': 198, u'share_count': 982}, u'GooglePlusOne': 23, u'Buzz': 0}",507,66,982,198,125
11,Child maintenance calculator - GOV.UK,https://www.gov.uk/calculate-your-child-maintenance,97345,"{u'StumbleUpon': 0, u'Reddit': 0, u'Delicious': 0, u'Pinterest': 0, u'Twitter': 37, u'Diggs': 0, u'LinkedIn': 0, u'Facebook': {u'commentsbox_count': 0, u'click_count': 0, u'total_count': 1032, u'comment_count': 53, u'like_count': 29, u'share_count': 950}, u'GooglePlusOne': 4, u'Buzz': 0}",37,0,950,29,53
12,Calculate holiday entitlement - GOV.UK,https://www.gov.uk/calculate-your-holiday-entitlement,92048,"{u'StumbleUpon': 0, u'Reddit': 0, u'Delicious': 0, u'Pinterest': 0, u'Twitter': 111, u'Diggs': 0, u'LinkedIn': 5, u'Facebook': {u'commentsbox_count': 0, u'click_count': 0, u'total_count': 646, u'comment_count': 130, u'like_count': 96, u'share_count': 420}, u'GooglePlusOne': 2, u'Buzz': 0}",111,5,420,96,130
13,View or share your driving licence information - GOV.UK,https://www.gov.uk/view-driving-licence,599670,"{u'StumbleUpon': 0, u'Reddit': 0, u'Delicious': 0, u'Pinterest': 2, u'Twitter': 1472, u'Diggs': 0, u'LinkedIn': 284, u'Facebook': {u'commentsbox_count': 0, u'click_count': 0, u'total_count': 11905, u'comment_count': 3882, u'like_count': 2867, u'share_count': 5156}, u'GooglePlusOne': 55, u'Buzz': 0}",1472,284,5156,2867,3882
14,Contact DVLA - GOV.UK,https://www.gov.uk/contact-the-dvla,290877,"{u'StumbleUpon': 0, u'Reddit': 0, u'Delicious': 0, u'Pinterest': 0, u'Twitter': 3898, u'Diggs': 0, u'LinkedIn': 0, u'Facebook': {u'commentsbox_count': 0, u'click_count': 0, u'total_count': 568, u'comment_count': 36, u'like_count': 39, u'share_count': 493}, u'GooglePlusOne': 23, u'Buzz': 0}",3898,0,493,39,36
15,Pay the Dartford Crossing charge (Dart Charge) - GOV.UK,https://www.gov.uk/pay-dartford-crossing-charge,510678,"{u'StumbleUpon': 0, u'Reddit': 0, u'Delicious': 0, u'Pinterest': 0, u'Twitter': 657, u'Diggs': 0, u'LinkedIn': 13, u'Facebook': {u'commentsbox_count': 0, u'click_count': 0, u'total_count': 3820, u'comment_count': 1624, u'like_count': 588, u'share_count': 1608}, u'GooglePlusOne': 26, u'Buzz': 0}",657,13,1608,588,1624
16,(not set),https://www.gov.uk/contact/govuk/anonymous-feedback/thankyou,587231,"{u'StumbleUpon': 0, u'Reddit': 0, u'Delicious': 0, u'Pinterest': 0, u'Twitter': 1, u'Diggs': 0, u'LinkedIn': 0, u'Facebook': {u'commentsbox_count': 0, u'click_count': 0, u'total_count': 14, u'comment_count': 6, u'like_count': 4, u'share_count': 4}, u'GooglePlusOne': 0, u'Buzz': 0}",1,0,4,4,6
17,National Minimum Wage rates - GOV.UK,https://www.gov.uk/national-minimum-wage-rates,563175,"{u'StumbleUpon': 0, u'Reddit': 0, u'Delicious': 0, u'Pinterest': 8, u'Twitter': 3124, u'Diggs': 0, u'LinkedIn': 642, u'Facebook': {u'commentsbox_count': 0, u'click_count': 0, u'total_count': 8374, u'comment_count': 1262, u'like_count': 1538, u'share_count': 5574}, u'GooglePlusOne': 95, u'Buzz': 0}",3124,642,5574,1538,1262
18,Tell DVLA you've sold or bought a vehicle - GOV.UK,https://www.gov.uk/sold-bought-vehicle,151148,"{u'StumbleUpon': 0, u'Reddit': 0, u'Delicious': 0, u'Pinterest': 0, u'Twitter': 212, u'Diggs': 0, u'LinkedIn': 3, u'Facebook': {u'commentsbox_count': 0, u'click_count': 0, u'total_count': 213, u'comment_count': 35, u'like_count': 69, u'share_count': 109}, u'GooglePlusOne': 6, u'Buzz': 0}",212,3,109,69,35
19,Driving and transport - GOV.UK,https://www.gov.uk/browse/driving,436333,"{u'StumbleUpon': 0, u'Reddit': 0, u'Delicious': 0, u'Pinterest': 1, u'Twitter': 313, u'Diggs': 0, u'LinkedIn': 3, u'Facebook': {u'commentsbox_count': 0, u'click_count': 0, u'total_count': 540, u'comment_count': 55, u'like_count': 79, u'share_count': 406}, u'GooglePlusOne': 24, u'Buzz': 0}",313,3,406,79,55
20,Get vehicle information from DVLA - GOV.UK,https://www.gov.uk/get-vehicle-information-from-dvla,420375,"{u'StumbleUpon': 0, u'Reddit': 0, u'Delicious': 0, u'Pinterest': 0, u'Twitter': 115, u'Diggs': 0, u'LinkedIn': 0, u'Facebook': {u'commentsbox_count': 0, u'click_count': 0, u'total_count': 1382, u'comment_count': 89, u'like_count': 127, u'share_count': 1166}, u'GooglePlusOne': 15, u'Buzz': 0}",115,0,1166,127,89
21,HMRC services: sign in or register - GOV.UK,https://www.gov.uk/log-in-register-hmrc-online-services,448385,"{u'StumbleUpon': 0, u'Reddit': 0, u'Delicious': 0, u'Pinterest': 0, u'Twitter': 11, u'Diggs': 0, u'LinkedIn': 0, u'Facebook': {u'commentsbox_count': 0, u'click_count': 0, u'total_count': 0, u'comment_count': 0, u'like_count': 0, u'share_count': 0}, u'GooglePlusOne': 6, u'Buzz': 0}",11,0,0,0,0
22,Publications - GOV.UK,https://www.gov.uk/government/publications,131312,"{u'StumbleUpon': 0, u'Reddit': 0, u'Delicious': 0, u'Pinterest': 1, u'Twitter': 149, u'Diggs': 0, u'LinkedIn': 12, u'Facebook': {u'commentsbox_count': 0, u'click_count': 0, u'total_count': 177, u'comment_count': 35, u'like_count': 25, u'share_count': 117}, u'GooglePlusOne': 7, u'Buzz': 0}",149,12,117,25,35
23,Driver and Vehicle Licensing Agency - GOV.UK,https://www.gov.uk/government/organisations/driver-and-vehicle-licensing-agency,400048,"{u'StumbleUpon': 0, u'Reddit': 0, u'Delicious': 0, u'Pinterest': 1, u'Twitter': 121, u'Diggs': 0, u'LinkedIn': 11, u'Facebook': {u'commentsbox_count': 0, u'click_count': 0, u'total_count': 1022, u'comment_count': 132, u'like_count': 131, u'share_count': 759}, u'GooglePlusOne': 0, u'Buzz': 0}",121,11,759,131,132
24,Overseas British passport applications - GOV.UK,https://www.gov.uk/overseas-passports,95027,"{u'StumbleUpon': 0, u'Reddit': 0, u'Delicious': 0, u'Pinterest': 2, u'Twitter': 1660, u'Diggs': 0, u'LinkedIn': 43, u'Facebook': {u'commentsbox_count': 0, u'click_count': 0, u'total_count': 12502, u'comment_count': 1900, u'like_count': 5274, u'share_count': 5328}, u'GooglePlusOne': 95, u'Buzz': 0}",1660,43,5328,5274,1900
25,Calculate your statutory redundancy pay - GOV.UK,https://www.gov.uk/calculate-your-redundancy-pay,63135,"{u'StumbleUpon': 0, u'Reddit': 0, u'Delicious': 0, u'Pinterest': 0, u'Twitter': 42, u'Diggs': 0, u'LinkedIn': 12, u'Facebook': {u'commentsbox_count': 0, u'click_count': 0, u'total_count': 1148, u'comment_count': 418, u'like_count': 310, u'share_count': 420}, u'GooglePlusOne': 14, u'Buzz': 0}",42,12,420,310,418
26,Check the MOT status of a vehicle - GOV.UK,https://www.gov.uk/check-mot-status,341988,"{u'StumbleUpon': 0, u'Reddit': 0, u'Delicious': 0, u'Pinterest': 1, u'Twitter': 170, u'Diggs': 0, u'LinkedIn': 3, u'Facebook': {u'commentsbox_count': 0, u'click_count': 0, u'total_count': 1269, u'comment_count': 130, u'like_count': 160, u'share_count': 979}, u'GooglePlusOne': 15, u'Buzz': 0}",170,3,979,160,130
27,Student finance calculator - GOV.UK,https://www.gov.uk/student-finance-calculator,48309,"{u'StumbleUpon': 0, u'Reddit': 0, u'Delicious': 0, u'Pinterest': 0, u'Twitter': 162, u'Diggs': 0, u'LinkedIn': 3, u'Facebook': {u'commentsbox_count': 0, u'click_count': 0, u'total_count': 563, u'comment_count': 175, u'like_count': 54, u'share_count': 334}, u'GooglePlusOne': 3, u'Buzz': 0}",162,3,334,54,175
28,Register to vote - GOV.UK,https://www.gov.uk/register-to-vote,368248,"{u'StumbleUpon': 0, u'Reddit': 0, u'Delicious': 0, u'Pinterest': 12, u'Twitter': 234225, u'Diggs': 0, u'LinkedIn': 848, u'Facebook': {u'commentsbox_count': 0, u'click_count': 0, u'total_count': 388078, u'comment_count': 86758, u'like_count': 231413, u'share_count': 69907}, u'GooglePlusOne': 1611, u'Buzz': 0}",234225,848,69907,231413,86758
29,Visas and immigration - GOV.UK,https://www.gov.uk/browse/visas-immigration,319975,"{u'StumbleUpon': 0, u'Reddit': 0, u'Delicious': 0, u'Pinterest': 3, u'Twitter': 157, u'Diggs': 0, u'LinkedIn': 20, u'Facebook': {u'commentsbox_count': 0, u'click_count': 0, u'total_count': 2519, u'comment_count': 304, u'like_count': 1609, u'share_count': 606}, u'GooglePlusOne': 0, u'Buzz': 0}",157,20,606,1609,304
30,Vehicle tax and SORN - GOV.UK,https://www.gov.uk/browse/driving/car-tax-discs,329831,"{u'StumbleUpon': 0, u'Reddit': 0, u'Delicious': 0, u'Pinterest': 0, u'Twitter': 52, u'Diggs': 0, u'LinkedIn': 0, u'Facebook': {u'commentsbox_count': 0, u'click_count': 0, u'total_count': 203, u'comment_count': 35, u'like_count': 52, u'share_count': 116}, u'GooglePlusOne': 3, u'Buzz': 0}",52,0,116,52,35
31,State Pension top up calculator - GOV.UK,https://www.gov.uk/state-pension-topup,87433,"{u'StumbleUpon': 0, u'Reddit': 0, u'Delicious': 0, u'Pinterest': 0, u'Twitter': 72, u'Diggs': 0, u'LinkedIn': 52, u'Facebook': {u'commentsbox_count': 0, u'click_count': 0, u'total_count': 560, u'comment_count': 249, u'like_count': 219, u'share_count': 92}, u'GooglePlusOne': 2, u'Buzz': 0}",72,52,92,219,249
32,Calculate your leave and pay when you have a child - GOV.UK,https://www.gov.uk/pay-leave-for-parents,48080,"{u'StumbleUpon': 0, u'Reddit': 0, u'Delicious': 0, u'Pinterest': 0, u'Twitter': 258, u'Diggs': 0, u'LinkedIn': 90, u'Facebook': {u'commentsbox_count': 0, u'click_count': 0, u'total_count': 46, u'comment_count': 16, u'like_count': 7, u'share_count': 23}, u'GooglePlusOne': 5, u'Buzz': 0}",258,90,23,7,16
33,Make a SORN - GOV.UK,https://www.gov.uk/make-a-sorn,290171,"{u'StumbleUpon': 0, u'Reddit': 0, u'Delicious': 0, u'Pinterest': 0, u'Twitter': 144, u'Diggs': 0, u'LinkedIn': 0, u'Facebook': {u'commentsbox_count': 0, u'click_count': 0, u'total_count': 224, u'comment_count': 20, u'like_count': 26, u'share_count': 178}, u'GooglePlusOne': 13, u'Buzz': 0}",144,0,178,26,20
34,Change the date of your practical driving or riding test - GOV.UK,https://www.gov.uk/change-driving-test,310829,"{u'StumbleUpon': 0, u'Reddit': 0, u'Delicious': 0, u'Pinterest': 0, u'Twitter': 623, u'Diggs': 0, u'LinkedIn': 0, u'Facebook': {u'commentsbox_count': 0, u'click_count': 0, u'total_count': 44, u'comment_count': 1, u'like_count': 6, u'share_count': 37}, u'GooglePlusOne': 21, u'Buzz': 0}",623,0,37,6,1
35,Change the address on your driving licence - GOV.UK,https://www.gov.uk/change-address-driving-licence,249657,"{u'StumbleUpon': 0, u'Reddit': 0, u'Delicious': 0, u'Pinterest': 0, u'Twitter': 589, u'Diggs': 0, u'LinkedIn': 1, u'Facebook': {u'commentsbox_count': 0, u'click_count': 0, u'total_count': 2021, u'comment_count': 222, u'like_count': 473, u'share_count': 1326}, u'GooglePlusOne': 19, u'Buzz': 0}",589,1,1326,473,222
36,UK bank holidays - GOV.UK,https://www.gov.uk/bank-holidays,349195,"{u'StumbleUpon': 0, u'Reddit': 0, u'Delicious': 0, u'Pinterest': 2, u'Twitter': 969, u'Diggs': 0, u'LinkedIn': 27, u'Facebook': {u'commentsbox_count': 0, u'click_count': 0, u'total_count': 3311, u'comment_count': 611, u'like_count': 499, u'share_count': 2201}, u'GooglePlusOne': 132, u'Buzz': 0}",969,27,2201,499,611
37,National Minimum Wage calculator for workers - GOV.UK,https://www.gov.uk/am-i-getting-minimum-wage,56266,"{u'StumbleUpon': 0, u'Reddit': 0, u'Delicious': 0, u'Pinterest': 2, u'Twitter': 315, u'Diggs': 0, u'LinkedIn': 9, u'Facebook': {u'commentsbox_count': 0, u'click_count': 0, u'total_count': 2747, u'comment_count': 699, u'like_count': 1385, u'share_count': 663}, u'GooglePlusOne': 0, u'Buzz': 0}",315,9,663,1385,699
38,Book your theory test - GOV.UK,https://www.gov.uk/book-theory-test,275576,"{u'StumbleUpon': 0, u'Reddit': 0, u'Delicious': 0, u'Pinterest': 1, u'Twitter': 625, u'Diggs': 0, u'LinkedIn': 0, u'Facebook': {u'commentsbox_count': 0, u'click_count': 0, u'total_count': 1765, u'comment_count': 384, u'like_count': 364, u'share_count': 1017}, u'GooglePlusOne': 43, u'Buzz': 0}",625,0,1017,364,384
39,Lloyds Banking Group share offer - GOV.UK,https://www.gov.uk/lloydsshares,261351,"{u'StumbleUpon': 0, u'Reddit': 0, u'Delicious': 0, u'Pinterest': 0, u'Twitter': 0, u'Diggs': 0, u'LinkedIn': 26, u'Facebook': {u'commentsbox_count': 0, u'click_count': 0, u'total_count': 157, u'comment_count': 38, u'like_count': 44, u'share_count': 75}, u'GooglePlusOne': 0, u'Buzz': 0}",0,26,75,44,38
40,Apply for a UK visa - GOV.UK,https://www.gov.uk/apply-uk-visa,247146,"{u'StumbleUpon': 0, u'Reddit': 0, u'Delicious': 0, u'Pinterest': 1, u'Twitter': 116, u'Diggs': 0, u'LinkedIn': 0, u'Facebook': {u'commentsbox_count': 0, u'click_count': 0, u'total_count': 3614, u'comment_count': 351, u'like_count': 2509, u'share_count': 754}, u'GooglePlusOne': 3, u'Buzz': 0}",116,0,754,2509,351
41,Lloyds Banking Group share offer - GOV.UK,https://www.gov.uk/lloydsshares/location,264076,"{u'StumbleUpon': 0, u'Reddit': 0, u'Delicious': 0, u'Pinterest': 0, u'Twitter': 145, u'Diggs': 0, u'LinkedIn': 26, u'Facebook': {u'commentsbox_count': 0, u'click_count': 0, u'total_count': 157, u'comment_count': 38, u'like_count': 44, u'share_count': 75}, u'GooglePlusOne': 0, u'Buzz': 0}",145,26,75,44,38
42,Book your driving test - GOV.UK,https://www.gov.uk/book-driving-test,261730,"{u'StumbleUpon': 0, u'Reddit': 0, u'Delicious': 0, u'Pinterest': 1, u'Twitter': 7974, u'Diggs': 0, u'LinkedIn': 2, u'Facebook': {u'commentsbox_count': 0, u'click_count': 0, u'total_count': 551, u'comment_count': 81, u'like_count': 115, u'share_count': 355}, u'GooglePlusOne': 51, u'Buzz': 0}",7974,2,355,115,81
43,Income Tax: general enquiries - Contact HMRC - GOV.UK,https://www.gov.uk/government/organisations/hm-revenue-customs/contact/income-tax-enquiries-for-individuals-pensioners-and-employees,246953,"{u'StumbleUpon': 0, u'Reddit': 0, u'Delicious': 0, u'Pinterest': 0, u'Twitter': 2787, u'Diggs': 0, u'LinkedIn': 0, u'Facebook': {u'commentsbox_count': 0, u'click_count': 0, u'total_count': 196, u'comment_count': 50, u'like_count': 25, u'share_count': 121}, u'GooglePlusOne': 19, u'Buzz': 0}",2787,0,121,25,50
44,You have registered an interest - GOV.UK,https://www.gov.uk/lloydsshares,243051,"{u'StumbleUpon': 0, u'Reddit': 0, u'Delicious': 0, u'Pinterest': 0, u'Twitter': 0, u'Diggs': 0, u'LinkedIn': 26, u'Facebook': {u'commentsbox_count': 0, u'click_count': 0, u'total_count': 157, u'comment_count': 38, u'like_count': 44, u'share_count': 75}, u'GooglePlusOne': 0, u'Buzz': 0}",0,26,75,44,38
45,"Apply for, renew or update a UK passport online - GOV.UK",https://www.gov.uk/apply-renew-passport,217048,"{u'StumbleUpon': 0, u'Reddit': 0, u'Delicious': 0, u'Pinterest': 0, u'Twitter': 139, u'Diggs': 0, u'LinkedIn': 5, u'Facebook': {u'commentsbox_count': 0, u'click_count': 0, u'total_count': 1761, u'comment_count': 388, u'like_count': 281, u'share_count': 1092}, u'GooglePlusOne': 22, u'Buzz': 0}",139,5,1092,281,388
46,When do the clocks change? - GOV.UK,https://www.gov.uk/when-do-the-clocks-change,276656,"{u'StumbleUpon': 0, u'Reddit': 0, u'Delicious': 0, u'Pinterest': 4, u'Twitter': 4008, u'Diggs': 0, u'LinkedIn': 167, u'Facebook': {u'commentsbox_count': 0, u'click_count': 0, u'total_count': 18501, u'comment_count': 3872, u'like_count': 4959, u'share_count': 9670}, u'GooglePlusOne': 86, u'Buzz': 0}",4008,167,9670,4959,3872
47,Benefits calculators - GOV.UK,https://www.gov.uk/benefits-calculators,221014,"{u'StumbleUpon': 0, u'Reddit': 0, u'Delicious': 0, u'Pinterest': 0, u'Twitter': 2249, u'Diggs': 0, u'LinkedIn': 6, u'Facebook': {u'commentsbox_count': 0, u'click_count': 0, u'total_count': 1653, u'comment_count': 194, u'like_count': 269, u'share_count': 1190}, u'GooglePlusOne': 10, u'Buzz': 0}",2249,6,1190,269,194
48,HM Revenue & Customs contacts - GOV.UK,https://www.gov.uk/government/organisations/hm-revenue-customs/contact,213372,"{u'StumbleUpon': 0, u'Reddit': 0, u'Delicious': 0, u'Pinterest': 0, u'Twitter': 48, u'Diggs': 0, u'LinkedIn': 7, u'Facebook': {u'commentsbox_count': 0, u'click_count': 0, u'total_count': 25, u'comment_count': 16, u'like_count': 2, u'share_count': 7}, u'GooglePlusOne': 16, u'Buzz': 0}",48,7,7,2,16
49,Driving licences - GOV.UK,https://www.gov.uk/browse/driving/driving-licences,204702,"{u'StumbleUpon': 0, u'Reddit': 0, u'Delicious': 0, u'Pinterest': 0, u'Twitter': 433, u'Diggs': 0, u'LinkedIn': 0, u'Facebook': {u'commentsbox_count': 0, u'click_count': 0, u'total_count': 835, u'comment_count': 130, u'like_count': 141, u'share_count': 564}, u'GooglePlusOne': 20, u'Buzz': 0}",433,0,564,141,130
50,Page not found - 404 - GOV.UK,https://www.gov.uk/404_page,202509,"{u'StumbleUpon': 0, u'Reddit': 0, u'Delicious': 0, u'Pinterest': 0, u'Twitter': 0, u'Diggs': 0, u'LinkedIn': 0, u'Facebook': {u'commentsbox_count': 0, u'click_count': 0, u'total_count': 0, u'comment_count': 0, u'like_count': 0, u'share_count': 0}, u'GooglePlusOne': 0, u'Buzz': 0}",0,0,0,0,0
51,Get a State Pension statement - GOV.UK,https://www.gov.uk/state-pension-statement,168952,"{u'StumbleUpon': 0, u'Reddit': 0, u'Delicious': 0, u'Pinterest': 0, u'Twitter': 380, u'Diggs': 0, u'LinkedIn': 67, u'Facebook': {u'commentsbox_count': 0, u'click_count': 0, u'total_count': 2393, u'comment_count': 519, u'like_count': 730, u'share_count': 1144}, u'GooglePlusOne': 10, u'Buzz': 0}",380,67,1144,730,519
52,Jobseeker's Allowance (JSA) - GOV.UK,https://www.gov.uk/jobseekers-allowance/how-to-claim,188469,"{u'StumbleUpon': 0, u'Reddit': 0, u'Delicious': 0, u'Pinterest': 0, u'Twitter': 8002, u'Diggs': 0, u'LinkedIn': 0, u'Facebook': {u'commentsbox_count': 0, u'click_count': 0, u'total_count': 1669, u'comment_count': 222, u'like_count': 458, u'share_count': 989}, u'GooglePlusOne': 0, u'Buzz': 0}",8002,0,989,458,222
53,Maternity and paternity calculator for employers - GOV.UK,https://www.gov.uk/maternity-paternity-calculator,22839,"{u'StumbleUpon': 0, u'Reddit': 0, u'Delicious': 0, u'Pinterest': 0, u'Twitter': 355, u'Diggs': 0, u'LinkedIn': 7, u'Facebook': {u'commentsbox_count': 0, u'click_count': 0, u'total_count': 160, u'comment_count': 3, u'like_count': 8, u'share_count': 149}, u'GooglePlusOne': 3, u'Buzz': 0}",355,7,149,8,3
54,Tax credits calculator - GOV.UK,https://www.gov.uk/tax-credits-calculator,215129,"{u'StumbleUpon': 0, u'Reddit': 0, u'Delicious': 0, u'Pinterest': 0, u'Twitter': 795, u'Diggs': 0, u'LinkedIn': 2, u'Facebook': {u'commentsbox_count': 0, u'click_count': 0, u'total_count': 910, u'comment_count': 81, u'like_count': 40, u'share_count': 789}, u'GooglePlusOne': 18, u'Buzz': 0}",795,2,789,40,81
55,Benefits - GOV.UK,https://www.gov.uk/browse/benefits,205375,"{u'StumbleUpon': 0, u'Reddit': 0, u'Delicious': 0, u'Pinterest': 2, u'Twitter': 4252, u'Diggs': 0, u'LinkedIn': 0, u'Facebook': {u'commentsbox_count': 0, u'click_count': 0, u'total_count': 1853, u'comment_count': 238, u'like_count': 469, u'share_count': 1146}, u'GooglePlusOne': 9, u'Buzz': 0}",4252,0,1146,469,238
56,Apply for your first provisional driving licence - GOV.UK,https://www.gov.uk/apply-first-provisional-driving-licence,177695,"{u'StumbleUpon': 0, u'Reddit': 0, u'Delicious': 0, u'Pinterest': 0, u'Twitter': 1187, u'Diggs': 0, u'LinkedIn': 2, u'Facebook': {u'commentsbox_count': 0, u'click_count': 0, u'total_count': 2829, u'comment_count': 428, u'like_count': 460, u'share_count': 1941}, u'GooglePlusOne': 44, u'Buzz': 0}",1187,2,1941,460,428
57,Standard Visitor visa - GOV.UK,https://www.gov.uk/standard-visitor-visa,190489,"{u'StumbleUpon': 0, u'Reddit': 0, u'Delicious': 0, u'Pinterest': 0, u'Twitter': 37, u'Diggs': 0, u'LinkedIn': 1, u'Facebook': {u'commentsbox_count': 0, u'click_count': 0, u'total_count': 229, u'comment_count': 71, u'like_count': 67, u'share_count': 91}, u'GooglePlusOne': 22, u'Buzz': 0}",37,1,91,67,71
58,Find an apprenticeship - GOV.UK,https://www.gov.uk/apply-apprenticeship,198188,"{u'StumbleUpon': 0, u'Reddit': 0, u'Delicious': 0, u'Pinterest': 0, u'Twitter': 3534, u'Diggs': 0, u'LinkedIn': 145, u'Facebook': {u'commentsbox_count': 0, u'click_count': 0, u'total_count': 3035, u'comment_count': 103, u'like_count': 426, u'share_count': 2506}, u'GooglePlusOne': 0, u'Buzz': 0}",3534,145,2506,426,103
59,Log in and file your Self Assessment tax return - GOV.UK,https://www.gov.uk/log-in-file-self-assessment-tax-return,184705,"{u'StumbleUpon': 0, u'Reddit': 0, u'Delicious': 0, u'Pinterest': 0, u'Twitter': 494, u'Diggs': 0, u'LinkedIn': 1, u'Facebook': {u'commentsbox_count': 0, u'click_count': 0, u'total_count': 93, u'comment_count': 39, u'like_count': 26, u'share_count': 28}, u'GooglePlusOne': 0, u'Buzz': 0}",494,1,28,26,39
60,Calculate vehicle tax rates - GOV.UK,https://www.gov.uk/calculate-vehicle-tax-rates,161741,"{u'StumbleUpon': 0, u'Reddit': 0, u'Delicious': 0, u'Pinterest': 0, u'Twitter': 93, u'Diggs': 0, u'LinkedIn': 2, u'Facebook': {u'commentsbox_count': 0, u'click_count': 0, u'total_count': 297, u'comment_count': 15, u'like_count': 8, u'share_count': 274}, u'GooglePlusOne': 16, u'Buzz': 0}",93,2,274,8,15
61,UK Visas and Immigration - GOV.UK,https://www.gov.uk/government/organisations/uk-visas-and-immigration,169226,"{u'StumbleUpon': 0, u'Reddit': 0, u'Delicious': 0, u'Pinterest': 11, u'Twitter': 322, u'Diggs': 0, u'LinkedIn': 69, u'Facebook': {u'commentsbox_count': 0, u'click_count': 0, u'total_count': 2506, u'comment_count': 255, u'like_count': 1064, u'share_count': 1187}, u'GooglePlusOne': 0, u'Buzz': 0}",322,69,1187,1064,255
62,Personal tax: Self Assessment - GOV.UK,https://www.gov.uk/topic/personal-tax/self-assessment,185148,"{u'StumbleUpon': 0, u'Reddit': 0, u'Delicious': 0, u'Pinterest': 0, u'Twitter': 23, u'Diggs': 0, u'LinkedIn': 0, u'Facebook': {u'commentsbox_count': 0, u'click_count': 0, u'total_count': 2, u'comment_count': 0, u'like_count': 0, u'share_count': 2}, u'GooglePlusOne': 31, u'Buzz': 0}",23,0,2,0,0
63,Apply to settle in the UK - GOV.UK,https://www.gov.uk/settle-in-the-uk,53344,"{u'StumbleUpon': 0, u'Reddit': 0, u'Delicious': 0, u'Pinterest': 0, u'Twitter': 10, u'Diggs': 0, u'LinkedIn': 0, u'Facebook': {u'commentsbox_count': 0, u'click_count': 0, u'total_count': 99, u'comment_count': 1, u'like_count': 14, u'share_count': 84}, u'GooglePlusOne': 1, u'Buzz': 0}",10,0,84,14,1
64,DBS update service - GOV.UK,https://www.gov.uk/dbs-update-service,130583,"{u'StumbleUpon': 0, u'Reddit': 0, u'Delicious': 0, u'Pinterest': 1, u'Twitter': 213, u'Diggs': 0, u'LinkedIn': 118, u'Facebook': {u'commentsbox_count': 0, u'click_count': 0, u'total_count': 1502, u'comment_count': 387, u'like_count': 211, u'share_count': 904}, u'GooglePlusOne': 3, u'Buzz': 0}",213,118,904,211,387
65,Renew or replace your adult passport - GOV.UK,https://www.gov.uk/renew-adult-passport,175135,"{u'StumbleUpon': 0, u'Reddit': 0, u'Delicious': 0, u'Pinterest': 0, u'Twitter': 214, u'Diggs': 0, u'LinkedIn': 8, u'Facebook': {u'commentsbox_count': 0, u'click_count': 0, u'total_count': 1839, u'comment_count': 278, u'like_count': 145, u'share_count': 1416}, u'GooglePlusOne': 54, u'Buzz': 0}",214,8,1416,145,278
66,Contact Jobcentre Plus - GOV.UK,https://www.gov.uk/contact-jobcentre-plus,186970,"{u'StumbleUpon': 0, u'Reddit': 0, u'Delicious': 0, u'Pinterest': 1, u'Twitter': 962, u'Diggs': 0, u'LinkedIn': 3, u'Facebook': {u'commentsbox_count': 0, u'click_count': 0, u'total_count': 1713, u'comment_count': 260, u'like_count': 400, u'share_count': 1053}, u'GooglePlusOne': 37, u'Buzz': 0}",962,3,1053,400,260
67,Tax credits: general enquiries - Contact HMRC - GOV.UK,https://www.gov.uk/government/organisations/hm-revenue-customs/contact/tax-credits-enquiries,181428,"{u'StumbleUpon': 0, u'Reddit': 0, u'Delicious': 0, u'Pinterest': 0, u'Twitter': 521, u'Diggs': 0, u'LinkedIn': 0, u'Facebook': {u'commentsbox_count': 0, u'click_count': 0, u'total_count': 146, u'comment_count': 19, u'like_count': 15, u'share_count': 112}, u'GooglePlusOne': 0, u'Buzz': 0}",521,0,112,15,19
68,Find out if you qualify for tax credits - GOV.UK,https://www.gov.uk/qualify-tax-credits,39647,"{u'StumbleUpon': 0, u'Reddit': 0, u'Delicious': 0, u'Pinterest': 0, u'Twitter': 158, u'Diggs': 0, u'LinkedIn': 0, u'Facebook': {u'commentsbox_count': 0, u'click_count': 0, u'total_count': 27, u'comment_count': 3, u'like_count': 9, u'share_count': 15}, u'GooglePlusOne': 8, u'Buzz': 0}",158,0,15,9,3
69,Tax your vehicle without a V11 reminder - GOV.UK,https://www.gov.uk/car-tax-disc-without-v11-reminder,176760,"{u'StumbleUpon': 0, u'Reddit': 0, u'Delicious': 0, u'Pinterest': 0, u'Twitter': 241, u'Diggs': 0, u'LinkedIn': 0, u'Facebook': {u'commentsbox_count': 0, u'click_count': 0, u'total_count': 216, u'comment_count': 16, u'like_count': 10, u'share_count': 190}, u'GooglePlusOne': 0, u'Buzz': 0}",241,0,190,10,16
70,Land Registry - GOV.UK,https://www.gov.uk/government/organisations/land-registry,150503,"{u'StumbleUpon': 0, u'Reddit': 0, u'Delicious': 0, u'Pinterest': 1, u'Twitter': 49, u'Diggs': 0, u'LinkedIn': 0, u'Facebook': {u'commentsbox_count': 0, u'click_count': 0, u'total_count': 190, u'comment_count': 39, u'like_count': 29, u'share_count': 122}, u'GooglePlusOne': 288, u'Buzz': 0}",49,0,122,29,39
71,Announcements - GOV.UK,https://www.gov.uk/government/announcements,85708,"{u'StumbleUpon': 0, u'Reddit': 0, u'Delicious': 0, u'Pinterest': 0, u'Twitter': 151, u'Diggs': 0, u'LinkedIn': 39, u'Facebook': {u'commentsbox_count': 0, u'click_count': 0, u'total_count': 188, u'comment_count': 32, u'like_count': 39, u'share_count': 117}, u'GooglePlusOne': 33, u'Buzz': 0}",151,39,117,39,32
72,Log in to use VAT online services - GOV.UK,https://www.gov.uk/send-vat-return,163095,"{u'StumbleUpon': 0, u'Reddit': 0, u'Delicious': 0, u'Pinterest': 0, u'Twitter': 413, u'Diggs': 0, u'LinkedIn': 3, u'Facebook': {u'commentsbox_count': 0, u'click_count': 0, u'total_count': 18, u'comment_count': 0, u'like_count': 1, u'share_count': 17}, u'GooglePlusOne': 13, u'Buzz': 0}",413,3,17,1,0
73,The National Minimum Wage - GOV.UK,https://www.gov.uk/national-minimum-wage/what-is-the-minimum-wage,158351,"{u'StumbleUpon': 0, u'Reddit': 0, u'Delicious': 0, u'Pinterest': 0, u'Twitter': 20, u'Diggs': 0, u'LinkedIn': 142, u'Facebook': {u'commentsbox_count': 0, u'click_count': 0, u'total_count': 201, u'comment_count': 18, u'like_count': 43, u'share_count': 140}, u'GooglePlusOne': 9, u'Buzz': 0}",20,142,140,43,18
74,The new State Pension - GOV.UK,https://www.gov.uk/new-state-pension,138725,"{u'StumbleUpon': 0, u'Reddit': 0, u'Delicious': 0, u'Pinterest': 1, u'Twitter': 128, u'Diggs': 0, u'LinkedIn': 3, u'Facebook': {u'commentsbox_count': 0, u'click_count': 0, u'total_count': 324, u'comment_count': 100, u'like_count': 43, u'share_count': 181}, u'GooglePlusOne': 1, u'Buzz': 0}",128,3,181,43,100
75,Thank you - GOV.UK,https://www.gov.uk/done/check-vehicle-tax,182129,"{u'StumbleUpon': 0, u'Reddit': 0, u'Delicious': 0, u'Pinterest': 0, u'Twitter': 0, u'Diggs': 0, u'LinkedIn': 0, u'Facebook': {u'commentsbox_count': 0, u'click_count': 0, u'total_count': 6, u'comment_count': 1, u'like_count': 0, u'share_count': 5}, u'GooglePlusOne': 0, u'Buzz': 0}",0,0,5,0,1
76,Contact,https://www.gov.uk/contact,153482,"{u'StumbleUpon': 0, u'Reddit': 0, u'Delicious': 0, u'Pinterest': 0, u'Twitter': 8, u'Diggs': 0, u'LinkedIn': 0, u'Facebook': {u'commentsbox_count': 0, u'click_count': 0, u'total_count': 33, u'comment_count': 0, u'like_count': 2, u'share_count': 31}, u'GooglePlusOne': 0, u'Buzz': 0}",8,0,31,2,0
77,Apply for a National Insurance number - GOV.UK,https://www.gov.uk/apply-national-insurance-number,153820,"{u'StumbleUpon': 0, u'Reddit': 0, u'Delicious': 0, u'Pinterest': 4, u'Twitter': 1433, u'Diggs': 0, u'LinkedIn': 33, u'Facebook': {u'commentsbox_count': 0, u'click_count': 0, u'total_count': 3453, u'comment_count': 250, u'like_count': 367, u'share_count': 2836}, u'GooglePlusOne': 39, u'Buzz': 0}",1433,33,2836,367,250
78,Student finance forms - GOV.UK,https://www.gov.uk/student-finance-forms,36930,"{u'StumbleUpon': 0, u'Reddit': 0, u'Delicious': 0, u'Pinterest': 0, u'Twitter': 403, u'Diggs': 0, u'LinkedIn': 0, u'Facebook': {u'commentsbox_count': 0, u'click_count': 0, u'total_count': 564, u'comment_count': 49, u'like_count': 14, u'share_count': 501}, u'GooglePlusOne': 0, u'Buzz': 0}",403,0,501,14,49
79,Contact Student Finance England - GOV.UK,https://www.gov.uk/contact-student-finance-england,167017,"{u'StumbleUpon': 0, u'Reddit': 0, u'Delicious': 0, u'Pinterest': 0, u'Twitter': 210, u'Diggs': 0, u'LinkedIn': 0, u'Facebook': {u'commentsbox_count': 0, u'click_count': 0, u'total_count': 427, u'comment_count': 23, u'like_count': 8, u'share_count': 396}, u'GooglePlusOne': 28, u'Buzz': 0}",210,0,396,8,23
80,File your annual return or accounts with Companies House - GOV.UK,https://www.gov.uk/file-an-annual-return-with-companies-house,150826,"{u'StumbleUpon': 0, u'Reddit': 0, u'Delicious': 0, u'Pinterest': 0, u'Twitter': 10, u'Diggs': 0, u'LinkedIn': 1, u'Facebook': {u'commentsbox_count': 0, u'click_count': 0, u'total_count': 6, u'comment_count': 0, u'like_count': 1, u'share_count': 5}, u'GooglePlusOne': 3, u'Buzz': 0}",10,1,5,1,0
81,Renew your driving licence - GOV.UK,https://www.gov.uk/renew-driving-licence,137383,"{u'StumbleUpon': 0, u'Reddit': 0, u'Delicious': 0, u'Pinterest': 0, u'Twitter': 589, u'Diggs': 0, u'LinkedIn': 7, u'Facebook': {u'commentsbox_count': 0, u'click_count': 0, u'total_count': 880, u'comment_count': 195, u'like_count': 133, u'share_count': 552}, u'GooglePlusOne': 28, u'Buzz': 0}",589,7,552,133,195
82,Vehicle tax rate tables - GOV.UK,https://www.gov.uk/vehicle-tax-rate-tables,135726,"{u'StumbleUpon': 0, u'Reddit': 0, u'Delicious': 0, u'Pinterest': 1, u'Twitter': 159, u'Diggs': 0, u'LinkedIn': 2, u'Facebook': {u'commentsbox_count': 0, u'click_count': 0, u'total_count': 7, u'comment_count': 0, u'like_count': 2, u'share_count': 5}, u'GooglePlusOne': 3, u'Buzz': 0}",159,2,5,2,0
83,Check your Council Tax band - GOV.UK,https://www.gov.uk/council-tax-bands,136008,"{u'StumbleUpon': 0, u'Reddit': 0, u'Delicious': 0, u'Pinterest': 0, u'Twitter': 26, u'Diggs': 0, u'LinkedIn': 0, u'Facebook': {u'commentsbox_count': 0, u'click_count': 0, u'total_count': 256, u'comment_count': 46, u'like_count': 28, u'share_count': 182}, u'GooglePlusOne': 19, u'Buzz': 0}",26,0,182,28,46
84,Check if you need to fill in a Self Assessment tax return - GOV.UK,https://www.gov.uk/check-if-you-need-a-tax-return,27905,"{u'StumbleUpon': 0, u'Reddit': 0, u'Delicious': 0, u'Pinterest': 0, u'Twitter': 569, u'Diggs': 0, u'LinkedIn': 37, u'Facebook': {u'commentsbox_count': 0, u'click_count': 0, u'total_count': 154, u'comment_count': 24, u'like_count': 46, u'share_count': 84}, u'GooglePlusOne': 4, u'Buzz': 0}",569,37,84,46,24
85,Business tax: VAT - GOV.UK,https://www.gov.uk/topic/business-tax/vat,148165,"{u'StumbleUpon': 0, u'Reddit': 0, u'Delicious': 0, u'Pinterest': 0, u'Twitter': 20, u'Diggs': 0, u'LinkedIn': 1, u'Facebook': {u'commentsbox_count': 0, u'click_count': 0, u'total_count': 21, u'comment_count': 12, u'like_count': 7, u'share_count': 2}, u'GooglePlusOne': 12, u'Buzz': 0}",20,1,2,7,12
86,Claim your State Pension online - GOV.UK,https://www.gov.uk/claim-state-pension-online,37108,"{u'StumbleUpon': 0, u'Reddit': 0, u'Delicious': 0, u'Pinterest': 0, u'Twitter': 849, u'Diggs': 0, u'LinkedIn': 33, u'Facebook': {u'commentsbox_count': 0, u'click_count': 0, u'total_count': 166, u'comment_count': 40, u'like_count': 61, u'share_count': 65}, u'GooglePlusOne': 5, u'Buzz': 0}",849,33,65,61,40
87,"Replace a lost, stolen, damaged or destroyed driving licence - GOV.UK",https://www.gov.uk/apply-online-to-replace-a-driving-licence,120760,"{u'StumbleUpon': 0, u'Reddit': 0, u'Delicious': 0, u'Pinterest': 1, u'Twitter': 1770, u'Diggs': 0, u'LinkedIn': 12, u'Facebook': {u'commentsbox_count': 0, u'click_count': 0, u'total_count': 1982, u'comment_count': 218, u'like_count': 244, u'share_count': 1520}, u'GooglePlusOne': 27, u'Buzz': 0}",1770,12,1520,244,218
88,Calculate your employee's statutory sick pay - GOV.UK,https://www.gov.uk/calculate-statutory-sick-pay,17659,"{u'StumbleUpon': 0, u'Reddit': 0, u'Delicious': 0, u'Pinterest': 0, u'Twitter': 12, u'Diggs': 0, u'LinkedIn': 2, u'Facebook': {u'commentsbox_count': 0, u'click_count': 0, u'total_count': 32, u'comment_count': 0, u'like_count': 0, u'share_count': 32}, u'GooglePlusOne': 1, u'Buzz': 0}",12,2,32,0,0
89,Self Assessment tax returns - GOV.UK,https://www.gov.uk/self-assessment-tax-returns,126016,"{u'StumbleUpon': 0, u'Reddit': 0, u'Delicious': 0, u'Pinterest': 0, u'Twitter': 1041, u'Diggs': 0, u'LinkedIn': 31, u'Facebook': {u'commentsbox_count': 0, u'click_count': 0, u'total_count': 432, u'comment_count': 56, u'like_count': 122, u'share_count': 254}, u'GooglePlusOne': 43, u'Buzz': 0}",1041,31,254,122,56
90,Vehicles you can drive - GOV.UK,https://www.gov.uk/vehicles-can-drive,31457,"{u'StumbleUpon': 0, u'Reddit': 0, u'Delicious': 0, u'Pinterest': 0, u'Twitter': 30, u'Diggs': 0, u'LinkedIn': 0, u'Facebook': {u'commentsbox_count': 0, u'click_count': 0, u'total_count': 24, u'comment_count': 6, u'like_count': 4, u'share_count': 14}, u'GooglePlusOne': 0, u'Buzz': 0}",30,0,14,4,6
91,Search for property information from Land Registry - GOV.UK,https://www.gov.uk/search-property-information-land-registry,101190,"{u'StumbleUpon': 0, u'Reddit': 0, u'Delicious': 0, u'Pinterest': 0, u'Twitter': 77, u'Diggs': 0, u'LinkedIn': 68, u'Facebook': {u'commentsbox_count': 0, u'click_count': 0, u'total_count': 257, u'comment_count': 22, u'like_count': 18, u'share_count': 217}, u'GooglePlusOne': 10, u'Buzz': 0}",77,68,217,18,22
92,Call charges and phone numbers - GOV.UK,https://www.gov.uk/call-charges,142623,"{u'StumbleUpon': 0, u'Reddit': 0, u'Delicious': 0, u'Pinterest': 1, u'Twitter': 244, u'Diggs': 0, u'LinkedIn': 8, u'Facebook': {u'commentsbox_count': 0, u'click_count': 0, u'total_count': 287, u'comment_count': 31, u'like_count': 15, u'share_count': 241}, u'GooglePlusOne': 3, u'Buzz': 0}",244,8,241,15,31
93,Your State Pension is changing - GOV.UK,https://www.gov.uk/yourstatepension,122255,"{u'StumbleUpon': 0, u'Reddit': 0, u'Delicious': 0, u'Pinterest': 0, u'Twitter': 847, u'Diggs': 0, u'LinkedIn': 215, u'Facebook': {u'commentsbox_count': 0, u'click_count': 0, u'total_count': 504, u'comment_count': 137, u'like_count': 139, u'share_count': 228}, u'GooglePlusOne': 20, u'Buzz': 0}",847,215,228,139,137
94,Get a V5C vehicle registration certificate (log book) - GOV.UK,https://www.gov.uk/vehicle-registration-certificate-v5c-log-book,120562,"{u'StumbleUpon': 0, u'Reddit': 0, u'Delicious': 0, u'Pinterest': 0, u'Twitter': 120, u'Diggs': 0, u'LinkedIn': 0, u'Facebook': {u'commentsbox_count': 0, u'click_count': 0, u'total_count': 381, u'comment_count': 12, u'like_count': 9, u'share_count': 360}, u'GooglePlusOne': 0, u'Buzz': 0}",120,0,360,9,12
95,Pay for vehicle tax by Direct Debit - GOV.UK,https://www.gov.uk/vehicle-tax-direct-debit,125065,"{u'StumbleUpon': 0, u'Reddit': 0, u'Delicious': 0, u'Pinterest': 0, u'Twitter': 46, u'Diggs': 0, u'LinkedIn': 0, u'Facebook': {u'commentsbox_count': 0, u'click_count': 0, u'total_count': 0, u'comment_count': 0, u'like_count': 0, u'share_count': 0}, u'GooglePlusOne': 0, u'Buzz': 0}",46,0,0,0,0
96,The Charity Commission - GOV.UK,https://www.gov.uk/government/organisations/charity-commission,116672,"{u'StumbleUpon': 0, u'Reddit': 0, u'Delicious': 0, u'Pinterest': 3, u'Twitter': 246, u'Diggs': 0, u'LinkedIn': 9, u'Facebook': {u'commentsbox_count': 0, u'click_count': 0, u'total_count': 897, u'comment_count': 119, u'like_count': 479, u'share_count': 299}, u'GooglePlusOne': 32, u'Buzz': 0}",246,9,299,479,119
97,Check the MOT history of a vehicle - GOV.UK,https://www.gov.uk/check-mot-history-vehicle,105567,"{u'StumbleUpon': 0, u'Reddit': 0, u'Delicious': 0, u'Pinterest': 0, u'Twitter': 295, u'Diggs': 0, u'LinkedIn': 1, u'Facebook': {u'commentsbox_count': 0, u'click_count': 0, u'total_count': 870, u'comment_count': 72, u'like_count': 94, u'share_count': 704}, u'GooglePlusOne': 8, u'Buzz': 0}",295,1,704,94,72
98,Practise your driving theory test - GOV.UK,https://www.gov.uk/practise-your-driving-theory-test,121767,"{u'StumbleUpon': 0, u'Reddit': 0, u'Delicious': 0, u'Pinterest': 1, u'Twitter': 3477, u'Diggs': 0, u'LinkedIn': 15, u'Facebook': {u'commentsbox_count': 0, u'click_count': 0, u'total_count': 7886, u'comment_count': 2384, u'like_count': 1437, u'share_count': 4065}, u'GooglePlusOne': 40, u'Buzz': 0}",3477,15,4065,1437,2384
99,Student finance - GOV.UK,https://www.gov.uk/student-finance,119526,"{u'StumbleUpon': 0, u'Reddit': 0, u'Delicious': 0, u'Pinterest': 4, u'Twitter': 3531, u'Diggs': 0, u'LinkedIn': 17, u'Facebook': {u'commentsbox_count': 0, u'click_count': 0, u'total_count': 15471, u'comment_count': 9490, u'like_count': 1799, u'share_count': 4182}, u'GooglePlusOne': 37, u'Buzz': 0}",3531,17,4182,1799,9490
